{
  "has_delivery": 0.1497478187084198,
  "has_tv": 0.09382625669240952,
  "median_review_length": 0.04356374964118004,
  "zip_closure_rate": 0.04125939682126045,
  "good_for_groups": 0.03349662572145462,
  "sentiment_slope": 0.03259805589914322,
  "has_reservations": 0.03207332640886307,
  "cuisine_pizza": 0.031865209341049194,
  "cuisine_chinese": 0.03164445981383324,
  "price_tier": 0.027813173830509186,
  "sentiment_std": 0.02565256878733635,
  "noise_level": 0.02537635527551174,
  "good_for_kids": 0.024814916774630547,
  "has_outdoor_seating": 0.02465478889644146,
  "cuisine_indian": 0.02427474781870842,
  "avg_review_length": 0.023849865421652794,
  "cuisine_sandwiches": 0.023702261969447136,
  "sentiment_mean": 0.02336500957608223,
  "cuisine_seafood": 0.023182494565844536,
  "zip_avg_stars": 0.021958865225315094,
  "cuisine_burgers": 0.021372905001044273,
  "cuisine_american": 0.02014828473329544,
  "has_wifi": 0.019665304571390152,
  "cuisine_breakfast": 0.01947891339659691,
  "has_takeout": 0.01929057575762272,
  "has_alcohol": 0.018914317712187767,
  "zip_avg_price": 0.01870521530508995,
  "cuisine_italian": 0.017386727035045624,
  "zip_total_restaurants": 0.01724303513765335,
  "cuisine_mediterranean": 0.015804247930645943,
  "cuisine_sushi": 0.014169029891490936,
  "cuisine_japanese": 0.013182124122977257,
  "cuisine_desserts": 0.013019707053899765,
  "cuisine_mexican": 0.012899679131805897,
  "cuisine_thai": 0.0,
  "cuisine_korean": 0.0,
  "cuisine_greek": 0.0,
  "cuisine_vietnamese": 0.0,
  "cuisine_french": 0.0,
  "cuisine_spanish": 0.0,
  "cuisine_middle_eastern": 0.0,
  "cuisine_barbecue": 0.0,
  "cuisine_vegan": 0.0
}