{
  "has_delivery": 0.08721072226762772,
  "lifespan_days": 0.07328378409147263,
  "noise_level": 0.06539492309093475,
  "has_tv": 0.04890219867229462,
  "cuisine_burgers": 0.0318024568259716,
  "median_review_length": 0.02648911252617836,
  "review_count_yelp": 0.024554794654250145,
  "pct_5star": 0.024049999192357063,
  "review_count_computed": 0.023931801319122314,
  "has_reservations": 0.022725006565451622,
  "good_for_groups": 0.02023947797715664,
  "total_engagement": 0.01912405528128147,
  "review_velocity_30d": 0.017106305807828903,
  "star_std": 0.016873817890882492,
  "stars_last_quartile": 0.016713164746761322,
  "reviews_per_month": 0.016706958413124084,
  "cuisine_pizza": 0.016458267346024513,
  "avg_review_length": 0.015979662537574768,
  "price_tier": 0.01588490977883339,
  "pct_very_positive": 0.015852125361561775,
  "sentiment_mean": 0.01576058566570282,
  "review_velocity_90d": 0.015742018818855286,
  "stars_yelp": 0.015714820474386215,
  "cuisine_chinese": 0.015544047579169273,
  "star_slope": 0.015320751816034317,
  "cuisine_sandwiches": 0.014901647344231606,
  "has_alcohol": 0.014895685948431492,
  "pct_engaged_reviews": 0.014815074391663074,
  "cool_per_review": 0.01474169921129942,
  "pct_1star": 0.014628649689257145,
  "pct_positive": 0.014446075074374676,
  "pct_very_negative": 0.014430374838411808,
  "sentiment_slope": 0.014314808882772923,
  "has_wifi": 0.014203493483364582,
  "cuisine_seafood": 0.014012330211699009,
  "funny_per_review": 0.013805802911520004,
  "star_delta": 0.013736509718000889,
  "has_outdoor_seating": 0.013679200783371925,
  "pct_negative": 0.013325346633791924,
  "useful_per_review": 0.013009801506996155,
  "cuisine_italian": 0.012997186742722988,
  "sentiment_last_quartile": 0.012701643630862236,
  "cuisine_american": 0.01265454851090908,
  "sentiment_std": 0.012404054403305054,
  "stars_first_quartile": 0.011425730772316456,
  "cuisine_breakfast": 0.010829375125467777,
  "cuisine_japanese": 0.010570540092885494,
  "has_takeout": 0.010385477915406227,
  "good_for_kids": 0.009354100562632084,
  "cuisine_mexican": 0.006365038920193911,
  "cuisine_thai": 0.0,
  "cuisine_indian": 0.0,
  "cuisine_korean": 0.0,
  "cuisine_mediterranean": 0.0,
  "cuisine_greek": 0.0,
  "cuisine_vietnamese": 0.0,
  "cuisine_french": 0.0,
  "cuisine_spanish": 0.0,
  "cuisine_middle_eastern": 0.0,
  "cuisine_sushi": 0.0,
  "cuisine_barbecue": 0.0,
  "cuisine_desserts": 0.0,
  "cuisine_vegan": 0.0
}