{
  "has_delivery": 0.10771366208791733,
  "has_tv": 0.06534048169851303,
  "median_review_length": 0.039158616214990616,
  "review_count_computed": 0.038000352680683136,
  "has_reservations": 0.03212142735719681,
  "zip_closure_rate": 0.03142066299915314,
  "review_count_yelp": 0.03026168793439865,
  "noise_level": 0.023814722895622253,
  "total_engagement": 0.023217638954520226,
  "avg_review_length": 0.02248440682888031,
  "good_for_groups": 0.02134704403579235,
  "cuisine_chinese": 0.020012224093079567,
  "pct_5star": 0.019475266337394714,
  "cuisine_pizza": 0.01911737211048603,
  "sentiment_mean": 0.018484633415937424,
  "star_std": 0.018169740214943886,
  "star_slope": 0.017366923391819,
  "sentiment_slope": 0.017356732860207558,
  "pct_engaged_reviews": 0.017249820753932,
  "price_tier": 0.01705542951822281,
  "star_delta": 0.01673799566924572,
  "good_for_kids": 0.016553211957216263,
  "pct_very_positive": 0.015916593372821808,
  "stars_last_quartile": 0.015385791659355164,
  "cuisine_breakfast": 0.015184556134045124,
  "cool_per_review": 0.015065195970237255,
  "has_outdoor_seating": 0.014859313145279884,
  "funny_per_review": 0.01479264535009861,
  "cuisine_sandwiches": 0.014696881175041199,
  "pct_1star": 0.014544826932251453,
  "useful_per_review": 0.014379482716321945,
  "zip_avg_stars": 0.014077186584472656,
  "cuisine_american": 0.013745689764618874,
  "pct_very_negative": 0.013057416304945946,
  "sentiment_std": 0.013046592473983765,
  "zip_total_restaurants": 0.01299238484352827,
  "sentiment_last_quartile": 0.012874406762421131,
  "pct_negative": 0.012700306251645088,
  "stars_yelp": 0.012572402134537697,
  "cuisine_burgers": 0.012509371154010296,
  "pct_positive": 0.012374588288366795,
  "stars_first_quartile": 0.012363404966890812,
  "zip_avg_price": 0.012294584885239601,
  "cuisine_seafood": 0.011800509877502918,
  "cuisine_mexican": 0.011037959717214108,
  "has_wifi": 0.010118386708199978,
  "cuisine_japanese": 0.009951511397957802,
  "has_takeout": 0.009409640915691853,
  "has_alcohol": 0.00938437506556511,
  "cuisine_italian": 0.009171396493911743,
  "cuisine_desserts": 0.007232556585222483,
  "cuisine_thai": 0.0,
  "cuisine_indian": 0.0,
  "cuisine_korean": 0.0,
  "cuisine_mediterranean": 0.0,
  "cuisine_greek": 0.0,
  "cuisine_vietnamese": 0.0,
  "cuisine_french": 0.0,
  "cuisine_spanish": 0.0,
  "cuisine_middle_eastern": 0.0,
  "cuisine_sushi": 0.0,
  "cuisine_barbecue": 0.0,
  "cuisine_vegan": 0.0
}